,antecedents,consequents,antecedent support,consequent support,support,confidence,lift,leverage,conviction
14,"frozenset({'Abreu Vineyard Madrona Ranch Cabernet Sauvignon, Napa Valley, USA'})","frozenset({'Frank Family Vineyards Cabernet Sauvignon, Napa Valley, USA'})",0.05555555555555555,0.05555555555555555,0.05555555555555555,1.0,18.0,0.05246913580246913,inf
15,"frozenset({'Frank Family Vineyards Cabernet Sauvignon, Napa Valley, USA'})","frozenset({'Abreu Vineyard Madrona Ranch Cabernet Sauvignon, Napa Valley, USA'})",0.05555555555555555,0.05555555555555555,0.05555555555555555,1.0,18.0,0.05246913580246913,inf
170,"frozenset({'Philip Togni Vineyard Cabernet Sauvignon, Napa Valley, USA'})","frozenset({'Diamond Creek Volcanic Hill Cabernet Sauvignon, Napa Valley, USA'})",0.05555555555555555,0.05555555555555555,0.05555555555555555,1.0,18.0,0.05246913580246913,inf
171,"frozenset({'Diamond Creek Volcanic Hill Cabernet Sauvignon, Napa Valley, USA'})","frozenset({'Philip Togni Vineyard Cabernet Sauvignon, Napa Valley, USA'})",0.05555555555555555,0.05555555555555555,0.05555555555555555,1.0,18.0,0.05246913580246913,inf
172,"frozenset({""Stag's Leap Wine Cellars 'S.L.V' Cabernet Sauvignon, Napa Valley, USA""})","frozenset({'Diamond Creek Volcanic Hill Cabernet Sauvignon, Napa Valley, USA'})",0.05555555555555555,0.05555555555555555,0.05555555555555555,1.0,18.0,0.05246913580246913,inf
173,"frozenset({'Diamond Creek Volcanic Hill Cabernet Sauvignon, Napa Valley, USA'})","frozenset({""Stag's Leap Wine Cellars 'S.L.V' Cabernet Sauvignon, Napa Valley, USA""})",0.05555555555555555,0.05555555555555555,0.05555555555555555,1.0,18.0,0.05246913580246913,inf
222,"frozenset({""Stag's Leap Wine Cellars 'S.L.V' Cabernet Sauvignon, Napa Valley, USA""})","frozenset({'Philip Togni Vineyard Cabernet Sauvignon, Napa Valley, USA'})",0.05555555555555555,0.05555555555555555,0.05555555555555555,1.0,18.0,0.05246913580246913,inf
223,"frozenset({'Philip Togni Vineyard Cabernet Sauvignon, Napa Valley, USA'})","frozenset({""Stag's Leap Wine Cellars 'S.L.V' Cabernet Sauvignon, Napa Valley, USA""})",0.05555555555555555,0.05555555555555555,0.05555555555555555,1.0,18.0,0.05246913580246913,inf
264,"frozenset({'Abreu Vineyard Madrona Ranch Cabernet Sauvignon, Napa Valley, USA', ""Anderson's Conn Valley Vineyards 'Estate Reserve' Cabernet Sauvignon, Napa Valley, USA""})","frozenset({'Frank Family Vineyards Cabernet Sauvignon, Napa Valley, USA'})",0.05555555555555555,0.05555555555555555,0.05555555555555555,1.0,18.0,0.05246913580246913,inf
266,"frozenset({""Anderson's Conn Valley Vineyards 'Estate Reserve' Cabernet Sauvignon, Napa Valley, USA"", 'Frank Family Vineyards Cabernet Sauvignon, Napa Valley, USA'})","frozenset({'Abreu Vineyard Madrona Ranch Cabernet Sauvignon, Napa Valley, USA'})",0.05555555555555555,0.05555555555555555,0.05555555555555555,1.0,18.0,0.05246913580246913,inf
267,"frozenset({'Abreu Vineyard Madrona Ranch Cabernet Sauvignon, Napa Valley, USA'})","frozenset({""Anderson's Conn Valley Vineyards 'Estate Reserve' Cabernet Sauvignon, Napa Valley, USA"", 'Frank Family Vineyards Cabernet Sauvignon, Napa Valley, USA'})",0.05555555555555555,0.05555555555555555,0.05555555555555555,1.0,18.0,0.05246913580246913,inf
269,"frozenset({'Frank Family Vineyards Cabernet Sauvignon, Napa Valley, USA'})","frozenset({'Abreu Vineyard Madrona Ranch Cabernet Sauvignon, Napa Valley, USA', ""Anderson's Conn Valley Vineyards 'Estate Reserve' Cabernet Sauvignon, Napa Valley, USA""})",0.05555555555555555,0.05555555555555555,0.05555555555555555,1.0,18.0,0.05246913580246913,inf
324,"frozenset({'Abreu Vineyard Madrona Ranch Cabernet Sauvignon, Napa Valley, USA', 'Beaulieu Vineyard BV Napa Valley Cabernet Sauvignon, USA'})","frozenset({'Frank Family Vineyards Cabernet Sauvignon, Napa Valley, USA'})",0.05555555555555555,0.05555555555555555,0.05555555555555555,1.0,18.0,0.05246913580246913,inf
326,"frozenset({'Frank Family Vineyards Cabernet Sauvignon, Napa Valley, USA', 'Beaulieu Vineyard BV Napa Valley Cabernet Sauvignon, USA'})","frozenset({'Abreu Vineyard Madrona Ranch Cabernet Sauvignon, Napa Valley, USA'})",0.05555555555555555,0.05555555555555555,0.05555555555555555,1.0,18.0,0.05246913580246913,inf
327,"frozenset({'Abreu Vineyard Madrona Ranch Cabernet Sauvignon, Napa Valley, USA'})","frozenset({'Frank Family Vineyards Cabernet Sauvignon, Napa Valley, USA', 'Beaulieu Vineyard BV Napa Valley Cabernet Sauvignon, USA'})",0.05555555555555555,0.05555555555555555,0.05555555555555555,1.0,18.0,0.05246913580246913,inf
329,"frozenset({'Frank Family Vineyards Cabernet Sauvignon, Napa Valley, USA'})","frozenset({'Abreu Vineyard Madrona Ranch Cabernet Sauvignon, Napa Valley, USA', 'Beaulieu Vineyard BV Napa Valley Cabernet Sauvignon, USA'})",0.05555555555555555,0.05555555555555555,0.05555555555555555,1.0,18.0,0.05246913580246913,inf
378,"frozenset({'Abreu Vineyard Madrona Ranch Cabernet Sauvignon, Napa Valley, USA', 'Chappellet Pritchard Hill Cabernet Sauvignon, Napa Valley, USA'})","frozenset({'Frank Family Vineyards Cabernet Sauvignon, Napa Valley, USA'})",0.05555555555555555,0.05555555555555555,0.05555555555555555,1.0,18.0,0.05246913580246913,inf
380,"frozenset({'Frank Family Vineyards Cabernet Sauvignon, Napa Valley, USA', 'Chappellet Pritchard Hill Cabernet Sauvignon, Napa Valley, USA'})","frozenset({'Abreu Vineyard Madrona Ranch Cabernet Sauvignon, Napa Valley, USA'})",0.05555555555555555,0.05555555555555555,0.05555555555555555,1.0,18.0,0.05246913580246913,inf
381,"frozenset({'Abreu Vineyard Madrona Ranch Cabernet Sauvignon, Napa Valley, USA'})","frozenset({'Frank Family Vineyards Cabernet Sauvignon, Napa Valley, USA', 'Chappellet Pritchard Hill Cabernet Sauvignon, Napa Valley, USA'})",0.05555555555555555,0.05555555555555555,0.05555555555555555,1.0,18.0,0.05246913580246913,inf
383,"frozenset({'Frank Family Vineyards Cabernet Sauvignon, Napa Valley, USA'})","frozenset({'Abreu Vineyard Madrona Ranch Cabernet Sauvignon, Napa Valley, USA', 'Chappellet Pritchard Hill Cabernet Sauvignon, Napa Valley, USA'})",0.05555555555555555,0.05555555555555555,0.05555555555555555,1.0,18.0,0.05246913580246913,inf
426,"frozenset({'Abreu Vineyard Madrona Ranch Cabernet Sauvignon, Napa Valley, USA', 'Chappellet Signature Cabernet Sauvignon, Napa Valley, USA'})","frozenset({'Frank Family Vineyards Cabernet Sauvignon, Napa Valley, USA'})",0.05555555555555555,0.05555555555555555,0.05555555555555555,1.0,18.0,0.05246913580246913,inf
428,"frozenset({'Chappellet Signature Cabernet Sauvignon, Napa Valley, USA', 'Frank Family Vineyards Cabernet Sauvignon, Napa Valley, USA'})","frozenset({'Abreu Vineyard Madrona Ranch Cabernet Sauvignon, Napa Valley, USA'})",0.05555555555555555,0.05555555555555555,0.05555555555555555,1.0,18.0,0.05246913580246913,inf
429,"frozenset({'Abreu Vineyard Madrona Ranch Cabernet Sauvignon, Napa Valley, USA'})","frozenset({'Chappellet Signature Cabernet Sauvignon, Napa Valley, USA', 'Frank Family Vineyards Cabernet Sauvignon, Napa Valley, USA'})",0.05555555555555555,0.05555555555555555,0.05555555555555555,1.0,18.0,0.05246913580246913,inf
431,"frozenset({'Frank Family Vineyards Cabernet Sauvignon, Napa Valley, USA'})","frozenset({'Abreu Vineyard Madrona Ranch Cabernet Sauvignon, Napa Valley, USA', 'Chappellet Signature Cabernet Sauvignon, Napa Valley, USA'})",0.05555555555555555,0.05555555555555555,0.05555555555555555,1.0,18.0,0.05246913580246913,inf
468,"frozenset({'Abreu Vineyard Madrona Ranch Cabernet Sauvignon, Napa Valley, USA', 'Corison Cabernet Sauvignon, Napa Valley, USA'})","frozenset({'Frank Family Vineyards Cabernet Sauvignon, Napa Valley, USA'})",0.05555555555555555,0.05555555555555555,0.05555555555555555,1.0,18.0,0.05246913580246913,inf
470,"frozenset({'Corison Cabernet Sauvignon, Napa Valley, USA', 'Frank Family Vineyards Cabernet Sauvignon, Napa Valley, USA'})","frozenset({'Abreu Vineyard Madrona Ranch Cabernet Sauvignon, Napa Valley, USA'})",0.05555555555555555,0.05555555555555555,0.05555555555555555,1.0,18.0,0.05246913580246913,inf
471,"frozenset({'Abreu Vineyard Madrona Ranch Cabernet Sauvignon, Napa Valley, USA'})","frozenset({'Corison Cabernet Sauvignon, Napa Valley, USA', 'Frank Family Vineyards Cabernet Sauvignon, Napa Valley, USA'})",0.05555555555555555,0.05555555555555555,0.05555555555555555,1.0,18.0,0.05246913580246913,inf
473,"frozenset({'Frank Family Vineyards Cabernet Sauvignon, Napa Valley, USA'})","frozenset({'Abreu Vineyard Madrona Ranch Cabernet Sauvignon, Napa Valley, USA', 'Corison Cabernet Sauvignon, Napa Valley, USA'})",0.05555555555555555,0.05555555555555555,0.05555555555555555,1.0,18.0,0.05246913580246913,inf
505,"frozenset({'Abreu Vineyard Madrona Ranch Cabernet Sauvignon, Napa Valley, USA', 'Darioush Signature Series Cabernet Sauvignon, Napa Valley, USA'})","frozenset({'Frank Family Vineyards Cabernet Sauvignon, Napa Valley, USA'})",0.05555555555555555,0.05555555555555555,0.05555555555555555,1.0,18.0,0.05246913580246913,inf
506,"frozenset({'Frank Family Vineyards Cabernet Sauvignon, Napa Valley, USA', 'Darioush Signature Series Cabernet Sauvignon, Napa Valley, USA'})","frozenset({'Abreu Vineyard Madrona Ranch Cabernet Sauvignon, Napa Valley, USA'})",0.05555555555555555,0.05555555555555555,0.05555555555555555,1.0,18.0,0.05246913580246913,inf
507,"frozenset({'Abreu Vineyard Madrona Ranch Cabernet Sauvignon, Napa Valley, USA'})","frozenset({'Frank Family Vineyards Cabernet Sauvignon, Napa Valley, USA', 'Darioush Signature Series Cabernet Sauvignon, Napa Valley, USA'})",0.05555555555555555,0.05555555555555555,0.05555555555555555,1.0,18.0,0.05246913580246913,inf
508,"frozenset({'Frank Family Vineyards Cabernet Sauvignon, Napa Valley, USA'})","frozenset({'Abreu Vineyard Madrona Ranch Cabernet Sauvignon, Napa Valley, USA', 'Darioush Signature Series Cabernet Sauvignon, Napa Valley, USA'})",0.05555555555555555,0.05555555555555555,0.05555555555555555,1.0,18.0,0.05246913580246913,inf
534,"frozenset({'Abreu Vineyard Madrona Ranch Cabernet Sauvignon, Napa Valley, USA', 'Franciscan Estate Cabernet Sauvignon, Napa Valley, USA'})","frozenset({'Frank Family Vineyards Cabernet Sauvignon, Napa Valley, USA'})",0.05555555555555555,0.05555555555555555,0.05555555555555555,1.0,18.0,0.05246913580246913,inf
536,"frozenset({'Franciscan Estate Cabernet Sauvignon, Napa Valley, USA', 'Frank Family Vineyards Cabernet Sauvignon, Napa Valley, USA'})","frozenset({'Abreu Vineyard Madrona Ranch Cabernet Sauvignon, Napa Valley, USA'})",0.05555555555555555,0.05555555555555555,0.05555555555555555,1.0,18.0,0.05246913580246913,inf
537,"frozenset({'Abreu Vineyard Madrona Ranch Cabernet Sauvignon, Napa Valley, USA'})","frozenset({'Franciscan Estate Cabernet Sauvignon, Napa Valley, USA', 'Frank Family Vineyards Cabernet Sauvignon, Napa Valley, USA'})",0.05555555555555555,0.05555555555555555,0.05555555555555555,1.0,18.0,0.05246913580246913,inf
539,"frozenset({'Frank Family Vineyards Cabernet Sauvignon, Napa Valley, USA'})","frozenset({'Abreu Vineyard Madrona Ranch Cabernet Sauvignon, Napa Valley, USA', 'Franciscan Estate Cabernet Sauvignon, Napa Valley, USA'})",0.05555555555555555,0.05555555555555555,0.05555555555555555,1.0,18.0,0.05246913580246913,inf
564,"frozenset({'Abreu Vineyard Madrona Ranch Cabernet Sauvignon, Napa Valley, USA', 'Freemark Abbey Napa Valley Cabernet Sauvignon, California, USA'})","frozenset({'Frank Family Vineyards Cabernet Sauvignon, Napa Valley, USA'})",0.05555555555555555,0.05555555555555555,0.05555555555555555,1.0,18.0,0.05246913580246913,inf
566,"frozenset({'Freemark Abbey Napa Valley Cabernet Sauvignon, California, USA', 'Frank Family Vineyards Cabernet Sauvignon, Napa Valley, USA'})","frozenset({'Abreu Vineyard Madrona Ranch Cabernet Sauvignon, Napa Valley, USA'})",0.05555555555555555,0.05555555555555555,0.05555555555555555,1.0,18.0,0.05246913580246913,inf
567,"frozenset({'Abreu Vineyard Madrona Ranch Cabernet Sauvignon, Napa Valley, USA'})","frozenset({'Freemark Abbey Napa Valley Cabernet Sauvignon, California, USA', 'Frank Family Vineyards Cabernet Sauvignon, Napa Valley, USA'})",0.05555555555555555,0.05555555555555555,0.05555555555555555,1.0,18.0,0.05246913580246913,inf
569,"frozenset({'Frank Family Vineyards Cabernet Sauvignon, Napa Valley, USA'})","frozenset({'Abreu Vineyard Madrona Ranch Cabernet Sauvignon, Napa Valley, USA', 'Freemark Abbey Napa Valley Cabernet Sauvignon, California, USA'})",0.05555555555555555,0.05555555555555555,0.05555555555555555,1.0,18.0,0.05246913580246913,inf
570,"frozenset({'Abreu Vineyard Madrona Ranch Cabernet Sauvignon, Napa Valley, USA', ""Hall Wines 'Kathryn Hall' Cabernet Sauvignon, Napa Valley, USA""})","frozenset({'Frank Family Vineyards Cabernet Sauvignon, Napa Valley, USA'})",0.05555555555555555,0.05555555555555555,0.05555555555555555,1.0,18.0,0.05246913580246913,inf
572,"frozenset({""Hall Wines 'Kathryn Hall' Cabernet Sauvignon, Napa Valley, USA"", 'Frank Family Vineyards Cabernet Sauvignon, Napa Valley, USA'})","frozenset({'Abreu Vineyard Madrona Ranch Cabernet Sauvignon, Napa Valley, USA'})",0.05555555555555555,0.05555555555555555,0.05555555555555555,1.0,18.0,0.05246913580246913,inf
573,"frozenset({'Abreu Vineyard Madrona Ranch Cabernet Sauvignon, Napa Valley, USA'})","frozenset({""Hall Wines 'Kathryn Hall' Cabernet Sauvignon, Napa Valley, USA"", 'Frank Family Vineyards Cabernet Sauvignon, Napa Valley, USA'})",0.05555555555555555,0.05555555555555555,0.05555555555555555,1.0,18.0,0.05246913580246913,inf
575,"frozenset({'Frank Family Vineyards Cabernet Sauvignon, Napa Valley, USA'})","frozenset({'Abreu Vineyard Madrona Ranch Cabernet Sauvignon, Napa Valley, USA', ""Hall Wines 'Kathryn Hall' Cabernet Sauvignon, Napa Valley, USA""})",0.05555555555555555,0.05555555555555555,0.05555555555555555,1.0,18.0,0.05246913580246913,inf
576,"frozenset({'Abreu Vineyard Madrona Ranch Cabernet Sauvignon, Napa Valley, USA', 'Paul Hobbs Cabernet Sauvignon, Napa Valley, USA'})","frozenset({'Frank Family Vineyards Cabernet Sauvignon, Napa Valley, USA'})",0.05555555555555555,0.05555555555555555,0.05555555555555555,1.0,18.0,0.05246913580246913,inf
578,"frozenset({'Paul Hobbs Cabernet Sauvignon, Napa Valley, USA', 'Frank Family Vineyards Cabernet Sauvignon, Napa Valley, USA'})","frozenset({'Abreu Vineyard Madrona Ranch Cabernet Sauvignon, Napa Valley, USA'})",0.05555555555555555,0.05555555555555555,0.05555555555555555,1.0,18.0,0.05246913580246913,inf
579,"frozenset({'Abreu Vineyard Madrona Ranch Cabernet Sauvignon, Napa Valley, USA'})","frozenset({'Paul Hobbs Cabernet Sauvignon, Napa Valley, USA', 'Frank Family Vineyards Cabernet Sauvignon, Napa Valley, USA'})",0.05555555555555555,0.05555555555555555,0.05555555555555555,1.0,18.0,0.05246913580246913,inf
581,"frozenset({'Frank Family Vineyards Cabernet Sauvignon, Napa Valley, USA'})","frozenset({'Abreu Vineyard Madrona Ranch Cabernet Sauvignon, Napa Valley, USA', 'Paul Hobbs Cabernet Sauvignon, Napa Valley, USA'})",0.05555555555555555,0.05555555555555555,0.05555555555555555,1.0,18.0,0.05246913580246913,inf
582,"frozenset({'Abreu Vineyard Madrona Ranch Cabernet Sauvignon, Napa Valley, USA', 'Sterling Vineyards Cabernet Sauvignon, Napa Valley, USA'})","frozenset({'Frank Family Vineyards Cabernet Sauvignon, Napa Valley, USA'})",0.05555555555555555,0.05555555555555555,0.05555555555555555,1.0,18.0,0.05246913580246913,inf
584,"frozenset({'Frank Family Vineyards Cabernet Sauvignon, Napa Valley, USA', 'Sterling Vineyards Cabernet Sauvignon, Napa Valley, USA'})","frozenset({'Abreu Vineyard Madrona Ranch Cabernet Sauvignon, Napa Valley, USA'})",0.05555555555555555,0.05555555555555555,0.05555555555555555,1.0,18.0,0.05246913580246913,inf
585,"frozenset({'Abreu Vineyard Madrona Ranch Cabernet Sauvignon, Napa Valley, USA'})","frozenset({'Frank Family Vineyards Cabernet Sauvignon, Napa Valley, USA', 'Sterling Vineyards Cabernet Sauvignon, Napa Valley, USA'})",0.05555555555555555,0.05555555555555555,0.05555555555555555,1.0,18.0,0.05246913580246913,inf
587,"frozenset({'Frank Family Vineyards Cabernet Sauvignon, Napa Valley, USA'})","frozenset({'Abreu Vineyard Madrona Ranch Cabernet Sauvignon, Napa Valley, USA', 'Sterling Vineyards Cabernet Sauvignon, Napa Valley, USA'})",0.05555555555555555,0.05555555555555555,0.05555555555555555,1.0,18.0,0.05246913580246913,inf
978,"frozenset({""Anderson's Conn Valley Vineyards 'Estate Reserve' Cabernet Sauvignon, Napa Valley, USA"", 'Philip Togni Vineyard Cabernet Sauvignon, Napa Valley, USA'})","frozenset({'Diamond Creek Volcanic Hill Cabernet Sauvignon, Napa Valley, USA'})",0.05555555555555555,0.05555555555555555,0.05555555555555555,1.0,18.0,0.05246913580246913,inf
979,"frozenset({""Anderson's Conn Valley Vineyards 'Estate Reserve' Cabernet Sauvignon, Napa Valley, USA"", 'Diamond Creek Volcanic Hill Cabernet Sauvignon, Napa Valley, USA'})","frozenset({'Philip Togni Vineyard Cabernet Sauvignon, Napa Valley, USA'})",0.05555555555555555,0.05555555555555555,0.05555555555555555,1.0,18.0,0.05246913580246913,inf
982,"frozenset({'Philip Togni Vineyard Cabernet Sauvignon, Napa Valley, USA'})","frozenset({""Anderson's Conn Valley Vineyards 'Estate Reserve' Cabernet Sauvignon, Napa Valley, USA"", 'Diamond Creek Volcanic Hill Cabernet Sauvignon, Napa Valley, USA'})",0.05555555555555555,0.05555555555555555,0.05555555555555555,1.0,18.0,0.05246913580246913,inf
983,"frozenset({'Diamond Creek Volcanic Hill Cabernet Sauvignon, Napa Valley, USA'})","frozenset({""Anderson's Conn Valley Vineyards 'Estate Reserve' Cabernet Sauvignon, Napa Valley, USA"", 'Philip Togni Vineyard Cabernet Sauvignon, Napa Valley, USA'})",0.05555555555555555,0.05555555555555555,0.05555555555555555,1.0,18.0,0.05246913580246913,inf
984,"frozenset({""Anderson's Conn Valley Vineyards 'Estate Reserve' Cabernet Sauvignon, Napa Valley, USA"", ""Stag's Leap Wine Cellars 'S.L.V' Cabernet Sauvignon, Napa Valley, USA""})","frozenset({'Diamond Creek Volcanic Hill Cabernet Sauvignon, Napa Valley, USA'})",0.05555555555555555,0.05555555555555555,0.05555555555555555,1.0,18.0,0.05246913580246913,inf
985,"frozenset({""Anderson's Conn Valley Vineyards 'Estate Reserve' Cabernet Sauvignon, Napa Valley, USA"", 'Diamond Creek Volcanic Hill Cabernet Sauvignon, Napa Valley, USA'})","frozenset({""Stag's Leap Wine Cellars 'S.L.V' Cabernet Sauvignon, Napa Valley, USA""})",0.05555555555555555,0.05555555555555555,0.05555555555555555,1.0,18.0,0.05246913580246913,inf
988,"frozenset({""Stag's Leap Wine Cellars 'S.L.V' Cabernet Sauvignon, Napa Valley, USA""})","frozenset({""Anderson's Conn Valley Vineyards 'Estate Reserve' Cabernet Sauvignon, Napa Valley, USA"", 'Diamond Creek Volcanic Hill Cabernet Sauvignon, Napa Valley, USA'})",0.05555555555555555,0.05555555555555555,0.05555555555555555,1.0,18.0,0.05246913580246913,inf
989,"frozenset({'Diamond Creek Volcanic Hill Cabernet Sauvignon, Napa Valley, USA'})","frozenset({""Anderson's Conn Valley Vineyards 'Estate Reserve' Cabernet Sauvignon, Napa Valley, USA"", ""Stag's Leap Wine Cellars 'S.L.V' Cabernet Sauvignon, Napa Valley, USA""})",0.05555555555555555,0.05555555555555555,0.05555555555555555,1.0,18.0,0.05246913580246913,inf
1134,"frozenset({""Anderson's Conn Valley Vineyards 'Estate Reserve' Cabernet Sauvignon, Napa Valley, USA"", ""Stag's Leap Wine Cellars 'S.L.V' Cabernet Sauvignon, Napa Valley, USA""})","frozenset({'Philip Togni Vineyard Cabernet Sauvignon, Napa Valley, USA'})",0.05555555555555555,0.05555555555555555,0.05555555555555555,1.0,18.0,0.05246913580246913,inf
1135,"frozenset({""Anderson's Conn Valley Vineyards 'Estate Reserve' Cabernet Sauvignon, Napa Valley, USA"", 'Philip Togni Vineyard Cabernet Sauvignon, Napa Valley, USA'})","frozenset({""Stag's Leap Wine Cellars 'S.L.V' Cabernet Sauvignon, Napa Valley, USA""})",0.05555555555555555,0.05555555555555555,0.05555555555555555,1.0,18.0,0.05246913580246913,inf
1138,"frozenset({""Stag's Leap Wine Cellars 'S.L.V' Cabernet Sauvignon, Napa Valley, USA""})","frozenset({""Anderson's Conn Valley Vineyards 'Estate Reserve' Cabernet Sauvignon, Napa Valley, USA"", 'Philip Togni Vineyard Cabernet Sauvignon, Napa Valley, USA'})",0.05555555555555555,0.05555555555555555,0.05555555555555555,1.0,18.0,0.05246913580246913,inf
1139,"frozenset({'Philip Togni Vineyard Cabernet Sauvignon, Napa Valley, USA'})","frozenset({""Anderson's Conn Valley Vineyards 'Estate Reserve' Cabernet Sauvignon, Napa Valley, USA"", ""Stag's Leap Wine Cellars 'S.L.V' Cabernet Sauvignon, Napa Valley, USA""})",0.05555555555555555,0.05555555555555555,0.05555555555555555,1.0,18.0,0.05246913580246913,inf
1429,"frozenset({'Philip Togni Vineyard Cabernet Sauvignon, Napa Valley, USA', 'Beaulieu Vineyard BV Napa Valley Cabernet Sauvignon, USA'})","frozenset({'Diamond Creek Volcanic Hill Cabernet Sauvignon, Napa Valley, USA'})",0.05555555555555555,0.05555555555555555,0.05555555555555555,1.0,18.0,0.05246913580246913,inf
1430,"frozenset({'Diamond Creek Volcanic Hill Cabernet Sauvignon, Napa Valley, USA', 'Beaulieu Vineyard BV Napa Valley Cabernet Sauvignon, USA'})","frozenset({'Philip Togni Vineyard Cabernet Sauvignon, Napa Valley, USA'})",0.05555555555555555,0.05555555555555555,0.05555555555555555,1.0,18.0,0.05246913580246913,inf
1431,"frozenset({'Philip Togni Vineyard Cabernet Sauvignon, Napa Valley, USA'})","frozenset({'Diamond Creek Volcanic Hill Cabernet Sauvignon, Napa Valley, USA', 'Beaulieu Vineyard BV Napa Valley Cabernet Sauvignon, USA'})",0.05555555555555555,0.05555555555555555,0.05555555555555555,1.0,18.0,0.05246913580246913,inf
1432,"frozenset({'Diamond Creek Volcanic Hill Cabernet Sauvignon, Napa Valley, USA'})","frozenset({'Philip Togni Vineyard Cabernet Sauvignon, Napa Valley, USA', 'Beaulieu Vineyard BV Napa Valley Cabernet Sauvignon, USA'})",0.05555555555555555,0.05555555555555555,0.05555555555555555,1.0,18.0,0.05246913580246913,inf
1435,"frozenset({""Stag's Leap Wine Cellars 'S.L.V' Cabernet Sauvignon, Napa Valley, USA"", 'Beaulieu Vineyard BV Napa Valley Cabernet Sauvignon, USA'})","frozenset({'Diamond Creek Volcanic Hill Cabernet Sauvignon, Napa Valley, USA'})",0.05555555555555555,0.05555555555555555,0.05555555555555555,1.0,18.0,0.05246913580246913,inf
1436,"frozenset({'Diamond Creek Volcanic Hill Cabernet Sauvignon, Napa Valley, USA', 'Beaulieu Vineyard BV Napa Valley Cabernet Sauvignon, USA'})","frozenset({""Stag's Leap Wine Cellars 'S.L.V' Cabernet Sauvignon, Napa Valley, USA""})",0.05555555555555555,0.05555555555555555,0.05555555555555555,1.0,18.0,0.05246913580246913,inf
1437,"frozenset({""Stag's Leap Wine Cellars 'S.L.V' Cabernet Sauvignon, Napa Valley, USA""})","frozenset({'Diamond Creek Volcanic Hill Cabernet Sauvignon, Napa Valley, USA', 'Beaulieu Vineyard BV Napa Valley Cabernet Sauvignon, USA'})",0.05555555555555555,0.05555555555555555,0.05555555555555555,1.0,18.0,0.05246913580246913,inf
1438,"frozenset({'Diamond Creek Volcanic Hill Cabernet Sauvignon, Napa Valley, USA'})","frozenset({""Stag's Leap Wine Cellars 'S.L.V' Cabernet Sauvignon, Napa Valley, USA"", 'Beaulieu Vineyard BV Napa Valley Cabernet Sauvignon, USA'})",0.05555555555555555,0.05555555555555555,0.05555555555555555,1.0,18.0,0.05246913580246913,inf
1585,"frozenset({""Stag's Leap Wine Cellars 'S.L.V' Cabernet Sauvignon, Napa Valley, USA"", 'Beaulieu Vineyard BV Napa Valley Cabernet Sauvignon, USA'})","frozenset({'Philip Togni Vineyard Cabernet Sauvignon, Napa Valley, USA'})",0.05555555555555555,0.05555555555555555,0.05555555555555555,1.0,18.0,0.05246913580246913,inf
1586,"frozenset({'Philip Togni Vineyard Cabernet Sauvignon, Napa Valley, USA', 'Beaulieu Vineyard BV Napa Valley Cabernet Sauvignon, USA'})","frozenset({""Stag's Leap Wine Cellars 'S.L.V' Cabernet Sauvignon, Napa Valley, USA""})",0.05555555555555555,0.05555555555555555,0.05555555555555555,1.0,18.0,0.05246913580246913,inf
1587,"frozenset({""Stag's Leap Wine Cellars 'S.L.V' Cabernet Sauvignon, Napa Valley, USA""})","frozenset({'Philip Togni Vineyard Cabernet Sauvignon, Napa Valley, USA', 'Beaulieu Vineyard BV Napa Valley Cabernet Sauvignon, USA'})",0.05555555555555555,0.05555555555555555,0.05555555555555555,1.0,18.0,0.05246913580246913,inf
1588,"frozenset({'Philip Togni Vineyard Cabernet Sauvignon, Napa Valley, USA'})","frozenset({""Stag's Leap Wine Cellars 'S.L.V' Cabernet Sauvignon, Napa Valley, USA"", 'Beaulieu Vineyard BV Napa Valley Cabernet Sauvignon, USA'})",0.05555555555555555,0.05555555555555555,0.05555555555555555,1.0,18.0,0.05246913580246913,inf
1807,"frozenset({'Philip Togni Vineyard Cabernet Sauvignon, Napa Valley, USA', 'Chappellet Pritchard Hill Cabernet Sauvignon, Napa Valley, USA'})","frozenset({'Diamond Creek Volcanic Hill Cabernet Sauvignon, Napa Valley, USA'})",0.05555555555555555,0.05555555555555555,0.05555555555555555,1.0,18.0,0.05246913580246913,inf
1808,"frozenset({'Diamond Creek Volcanic Hill Cabernet Sauvignon, Napa Valley, USA', 'Chappellet Pritchard Hill Cabernet Sauvignon, Napa Valley, USA'})","frozenset({'Philip Togni Vineyard Cabernet Sauvignon, Napa Valley, USA'})",0.05555555555555555,0.05555555555555555,0.05555555555555555,1.0,18.0,0.05246913580246913,inf
1809,"frozenset({'Philip Togni Vineyard Cabernet Sauvignon, Napa Valley, USA'})","frozenset({'Diamond Creek Volcanic Hill Cabernet Sauvignon, Napa Valley, USA', 'Chappellet Pritchard Hill Cabernet Sauvignon, Napa Valley, USA'})",0.05555555555555555,0.05555555555555555,0.05555555555555555,1.0,18.0,0.05246913580246913,inf
1810,"frozenset({'Diamond Creek Volcanic Hill Cabernet Sauvignon, Napa Valley, USA'})","frozenset({'Philip Togni Vineyard Cabernet Sauvignon, Napa Valley, USA', 'Chappellet Pritchard Hill Cabernet Sauvignon, Napa Valley, USA'})",0.05555555555555555,0.05555555555555555,0.05555555555555555,1.0,18.0,0.05246913580246913,inf
1813,"frozenset({""Stag's Leap Wine Cellars 'S.L.V' Cabernet Sauvignon, Napa Valley, USA"", 'Chappellet Pritchard Hill Cabernet Sauvignon, Napa Valley, USA'})","frozenset({'Diamond Creek Volcanic Hill Cabernet Sauvignon, Napa Valley, USA'})",0.05555555555555555,0.05555555555555555,0.05555555555555555,1.0,18.0,0.05246913580246913,inf
1814,"frozenset({'Diamond Creek Volcanic Hill Cabernet Sauvignon, Napa Valley, USA', 'Chappellet Pritchard Hill Cabernet Sauvignon, Napa Valley, USA'})","frozenset({""Stag's Leap Wine Cellars 'S.L.V' Cabernet Sauvignon, Napa Valley, USA""})",0.05555555555555555,0.05555555555555555,0.05555555555555555,1.0,18.0,0.05246913580246913,inf
1815,"frozenset({""Stag's Leap Wine Cellars 'S.L.V' Cabernet Sauvignon, Napa Valley, USA""})","frozenset({'Diamond Creek Volcanic Hill Cabernet Sauvignon, Napa Valley, USA', 'Chappellet Pritchard Hill Cabernet Sauvignon, Napa Valley, USA'})",0.05555555555555555,0.05555555555555555,0.05555555555555555,1.0,18.0,0.05246913580246913,inf
1816,"frozenset({'Diamond Creek Volcanic Hill Cabernet Sauvignon, Napa Valley, USA'})","frozenset({""Stag's Leap Wine Cellars 'S.L.V' Cabernet Sauvignon, Napa Valley, USA"", 'Chappellet Pritchard Hill Cabernet Sauvignon, Napa Valley, USA'})",0.05555555555555555,0.05555555555555555,0.05555555555555555,1.0,18.0,0.05246913580246913,inf
1963,"frozenset({""Stag's Leap Wine Cellars 'S.L.V' Cabernet Sauvignon, Napa Valley, USA"", 'Chappellet Pritchard Hill Cabernet Sauvignon, Napa Valley, USA'})","frozenset({'Philip Togni Vineyard Cabernet Sauvignon, Napa Valley, USA'})",0.05555555555555555,0.05555555555555555,0.05555555555555555,1.0,18.0,0.05246913580246913,inf
1964,"frozenset({'Philip Togni Vineyard Cabernet Sauvignon, Napa Valley, USA', 'Chappellet Pritchard Hill Cabernet Sauvignon, Napa Valley, USA'})","frozenset({""Stag's Leap Wine Cellars 'S.L.V' Cabernet Sauvignon, Napa Valley, USA""})",0.05555555555555555,0.05555555555555555,0.05555555555555555,1.0,18.0,0.05246913580246913,inf
1965,"frozenset({""Stag's Leap Wine Cellars 'S.L.V' Cabernet Sauvignon, Napa Valley, USA""})","frozenset({'Philip Togni Vineyard Cabernet Sauvignon, Napa Valley, USA', 'Chappellet Pritchard Hill Cabernet Sauvignon, Napa Valley, USA'})",0.05555555555555555,0.05555555555555555,0.05555555555555555,1.0,18.0,0.05246913580246913,inf
1966,"frozenset({'Philip Togni Vineyard Cabernet Sauvignon, Napa Valley, USA'})","frozenset({""Stag's Leap Wine Cellars 'S.L.V' Cabernet Sauvignon, Napa Valley, USA"", 'Chappellet Pritchard Hill Cabernet Sauvignon, Napa Valley, USA'})",0.05555555555555555,0.05555555555555555,0.05555555555555555,1.0,18.0,0.05246913580246913,inf
2119,"frozenset({'Philip Togni Vineyard Cabernet Sauvignon, Napa Valley, USA', 'Chappellet Signature Cabernet Sauvignon, Napa Valley, USA'})","frozenset({'Diamond Creek Volcanic Hill Cabernet Sauvignon, Napa Valley, USA'})",0.05555555555555555,0.05555555555555555,0.05555555555555555,1.0,18.0,0.05246913580246913,inf
2120,"frozenset({'Diamond Creek Volcanic Hill Cabernet Sauvignon, Napa Valley, USA', 'Chappellet Signature Cabernet Sauvignon, Napa Valley, USA'})","frozenset({'Philip Togni Vineyard Cabernet Sauvignon, Napa Valley, USA'})",0.05555555555555555,0.05555555555555555,0.05555555555555555,1.0,18.0,0.05246913580246913,inf
2121,"frozenset({'Philip Togni Vineyard Cabernet Sauvignon, Napa Valley, USA'})","frozenset({'Diamond Creek Volcanic Hill Cabernet Sauvignon, Napa Valley, USA', 'Chappellet Signature Cabernet Sauvignon, Napa Valley, USA'})",0.05555555555555555,0.05555555555555555,0.05555555555555555,1.0,18.0,0.05246913580246913,inf
2122,"frozenset({'Diamond Creek Volcanic Hill Cabernet Sauvignon, Napa Valley, USA'})","frozenset({'Philip Togni Vineyard Cabernet Sauvignon, Napa Valley, USA', 'Chappellet Signature Cabernet Sauvignon, Napa Valley, USA'})",0.05555555555555555,0.05555555555555555,0.05555555555555555,1.0,18.0,0.05246913580246913,inf
2125,"frozenset({""Stag's Leap Wine Cellars 'S.L.V' Cabernet Sauvignon, Napa Valley, USA"", 'Chappellet Signature Cabernet Sauvignon, Napa Valley, USA'})","frozenset({'Diamond Creek Volcanic Hill Cabernet Sauvignon, Napa Valley, USA'})",0.05555555555555555,0.05555555555555555,0.05555555555555555,1.0,18.0,0.05246913580246913,inf
2126,"frozenset({'Diamond Creek Volcanic Hill Cabernet Sauvignon, Napa Valley, USA', 'Chappellet Signature Cabernet Sauvignon, Napa Valley, USA'})","frozenset({""Stag's Leap Wine Cellars 'S.L.V' Cabernet Sauvignon, Napa Valley, USA""})",0.05555555555555555,0.05555555555555555,0.05555555555555555,1.0,18.0,0.05246913580246913,inf
2127,"frozenset({""Stag's Leap Wine Cellars 'S.L.V' Cabernet Sauvignon, Napa Valley, USA""})","frozenset({'Diamond Creek Volcanic Hill Cabernet Sauvignon, Napa Valley, USA', 'Chappellet Signature Cabernet Sauvignon, Napa Valley, USA'})",0.05555555555555555,0.05555555555555555,0.05555555555555555,1.0,18.0,0.05246913580246913,inf
2128,"frozenset({'Diamond Creek Volcanic Hill Cabernet Sauvignon, Napa Valley, USA'})","frozenset({""Stag's Leap Wine Cellars 'S.L.V' Cabernet Sauvignon, Napa Valley, USA"", 'Chappellet Signature Cabernet Sauvignon, Napa Valley, USA'})",0.05555555555555555,0.05555555555555555,0.05555555555555555,1.0,18.0,0.05246913580246913,inf
2275,"frozenset({""Stag's Leap Wine Cellars 'S.L.V' Cabernet Sauvignon, Napa Valley, USA"", 'Chappellet Signature Cabernet Sauvignon, Napa Valley, USA'})","frozenset({'Philip Togni Vineyard Cabernet Sauvignon, Napa Valley, USA'})",0.05555555555555555,0.05555555555555555,0.05555555555555555,1.0,18.0,0.05246913580246913,inf
2276,"frozenset({'Philip Togni Vineyard Cabernet Sauvignon, Napa Valley, USA', 'Chappellet Signature Cabernet Sauvignon, Napa Valley, USA'})","frozenset({""Stag's Leap Wine Cellars 'S.L.V' Cabernet Sauvignon, Napa Valley, USA""})",0.05555555555555555,0.05555555555555555,0.05555555555555555,1.0,18.0,0.05246913580246913,inf
2277,"frozenset({""Stag's Leap Wine Cellars 'S.L.V' Cabernet Sauvignon, Napa Valley, USA""})","frozenset({'Philip Togni Vineyard Cabernet Sauvignon, Napa Valley, USA', 'Chappellet Signature Cabernet Sauvignon, Napa Valley, USA'})",0.05555555555555555,0.05555555555555555,0.05555555555555555,1.0,18.0,0.05246913580246913,inf
2278,"frozenset({'Philip Togni Vineyard Cabernet Sauvignon, Napa Valley, USA'})","frozenset({""Stag's Leap Wine Cellars 'S.L.V' Cabernet Sauvignon, Napa Valley, USA"", 'Chappellet Signature Cabernet Sauvignon, Napa Valley, USA'})",0.05555555555555555,0.05555555555555555,0.05555555555555555,1.0,18.0,0.05246913580246913,inf
2370,"frozenset({'Corison Cabernet Sauvignon, Napa Valley, USA', 'Philip Togni Vineyard Cabernet Sauvignon, Napa Valley, USA'})","frozenset({'Diamond Creek Volcanic Hill Cabernet Sauvignon, Napa Valley, USA'})",0.05555555555555555,0.05555555555555555,0.05555555555555555,1.0,18.0,0.05246913580246913,inf
2371,"frozenset({'Corison Cabernet Sauvignon, Napa Valley, USA', 'Diamond Creek Volcanic Hill Cabernet Sauvignon, Napa Valley, USA'})","frozenset({'Philip Togni Vineyard Cabernet Sauvignon, Napa Valley, USA'})",0.05555555555555555,0.05555555555555555,0.05555555555555555,1.0,18.0,0.05246913580246913,inf
2374,"frozenset({'Philip Togni Vineyard Cabernet Sauvignon, Napa Valley, USA'})","frozenset({'Corison Cabernet Sauvignon, Napa Valley, USA', 'Diamond Creek Volcanic Hill Cabernet Sauvignon, Napa Valley, USA'})",0.05555555555555555,0.05555555555555555,0.05555555555555555,1.0,18.0,0.05246913580246913,inf
2375,"frozenset({'Diamond Creek Volcanic Hill Cabernet Sauvignon, Napa Valley, USA'})","frozenset({'Corison Cabernet Sauvignon, Napa Valley, USA', 'Philip Togni Vineyard Cabernet Sauvignon, Napa Valley, USA'})",0.05555555555555555,0.05555555555555555,0.05555555555555555,1.0,18.0,0.05246913580246913,inf
2376,"frozenset({'Corison Cabernet Sauvignon, Napa Valley, USA', ""Stag's Leap Wine Cellars 'S.L.V' Cabernet Sauvignon, Napa Valley, USA""})","frozenset({'Diamond Creek Volcanic Hill Cabernet Sauvignon, Napa Valley, USA'})",0.05555555555555555,0.05555555555555555,0.05555555555555555,1.0,18.0,0.05246913580246913,inf
2377,"frozenset({'Corison Cabernet Sauvignon, Napa Valley, USA', 'Diamond Creek Volcanic Hill Cabernet Sauvignon, Napa Valley, USA'})","frozenset({""Stag's Leap Wine Cellars 'S.L.V' Cabernet Sauvignon, Napa Valley, USA""})",0.05555555555555555,0.05555555555555555,0.05555555555555555,1.0,18.0,0.05246913580246913,inf
2380,"frozenset({""Stag's Leap Wine Cellars 'S.L.V' Cabernet Sauvignon, Napa Valley, USA""})","frozenset({'Corison Cabernet Sauvignon, Napa Valley, USA', 'Diamond Creek Volcanic Hill Cabernet Sauvignon, Napa Valley, USA'})",0.05555555555555555,0.05555555555555555,0.05555555555555555,1.0,18.0,0.05246913580246913,inf
2381,"frozenset({'Diamond Creek Volcanic Hill Cabernet Sauvignon, Napa Valley, USA'})","frozenset({'Corison Cabernet Sauvignon, Napa Valley, USA', ""Stag's Leap Wine Cellars 'S.L.V' Cabernet Sauvignon, Napa Valley, USA""})",0.05555555555555555,0.05555555555555555,0.05555555555555555,1.0,18.0,0.05246913580246913,inf
2526,"frozenset({'Corison Cabernet Sauvignon, Napa Valley, USA', ""Stag's Leap Wine Cellars 'S.L.V' Cabernet Sauvignon, Napa Valley, USA""})","frozenset({'Philip Togni Vineyard Cabernet Sauvignon, Napa Valley, USA'})",0.05555555555555555,0.05555555555555555,0.05555555555555555,1.0,18.0,0.05246913580246913,inf
2527,"frozenset({'Corison Cabernet Sauvignon, Napa Valley, USA', 'Philip Togni Vineyard Cabernet Sauvignon, Napa Valley, USA'})","frozenset({""Stag's Leap Wine Cellars 'S.L.V' Cabernet Sauvignon, Napa Valley, USA""})",0.05555555555555555,0.05555555555555555,0.05555555555555555,1.0,18.0,0.05246913580246913,inf
2530,"frozenset({""Stag's Leap Wine Cellars 'S.L.V' Cabernet Sauvignon, Napa Valley, USA""})","frozenset({'Corison Cabernet Sauvignon, Napa Valley, USA', 'Philip Togni Vineyard Cabernet Sauvignon, Napa Valley, USA'})",0.05555555555555555,0.05555555555555555,0.05555555555555555,1.0,18.0,0.05246913580246913,inf
2531,"frozenset({'Philip Togni Vineyard Cabernet Sauvignon, Napa Valley, USA'})","frozenset({'Corison Cabernet Sauvignon, Napa Valley, USA', ""Stag's Leap Wine Cellars 'S.L.V' Cabernet Sauvignon, Napa Valley, USA""})",0.05555555555555555,0.05555555555555555,0.05555555555555555,1.0,18.0,0.05246913580246913,inf
2569,"frozenset({'Philip Togni Vineyard Cabernet Sauvignon, Napa Valley, USA', 'Darioush Signature Series Cabernet Sauvignon, Napa Valley, USA'})","frozenset({'Diamond Creek Volcanic Hill Cabernet Sauvignon, Napa Valley, USA'})",0.05555555555555555,0.05555555555555555,0.05555555555555555,1.0,18.0,0.05246913580246913,inf
2570,"frozenset({'Diamond Creek Volcanic Hill Cabernet Sauvignon, Napa Valley, USA', 'Darioush Signature Series Cabernet Sauvignon, Napa Valley, USA'})","frozenset({'Philip Togni Vineyard Cabernet Sauvignon, Napa Valley, USA'})",0.05555555555555555,0.05555555555555555,0.05555555555555555,1.0,18.0,0.05246913580246913,inf
2571,"frozenset({'Philip Togni Vineyard Cabernet Sauvignon, Napa Valley, USA'})","frozenset({'Diamond Creek Volcanic Hill Cabernet Sauvignon, Napa Valley, USA', 'Darioush Signature Series Cabernet Sauvignon, Napa Valley, USA'})",0.05555555555555555,0.05555555555555555,0.05555555555555555,1.0,18.0,0.05246913580246913,inf
2572,"frozenset({'Diamond Creek Volcanic Hill Cabernet Sauvignon, Napa Valley, USA'})","frozenset({'Philip Togni Vineyard Cabernet Sauvignon, Napa Valley, USA', 'Darioush Signature Series Cabernet Sauvignon, Napa Valley, USA'})",0.05555555555555555,0.05555555555555555,0.05555555555555555,1.0,18.0,0.05246913580246913,inf
2575,"frozenset({""Stag's Leap Wine Cellars 'S.L.V' Cabernet Sauvignon, Napa Valley, USA"", 'Darioush Signature Series Cabernet Sauvignon, Napa Valley, USA'})","frozenset({'Diamond Creek Volcanic Hill Cabernet Sauvignon, Napa Valley, USA'})",0.05555555555555555,0.05555555555555555,0.05555555555555555,1.0,18.0,0.05246913580246913,inf
2576,"frozenset({'Diamond Creek Volcanic Hill Cabernet Sauvignon, Napa Valley, USA', 'Darioush Signature Series Cabernet Sauvignon, Napa Valley, USA'})","frozenset({""Stag's Leap Wine Cellars 'S.L.V' Cabernet Sauvignon, Napa Valley, USA""})",0.05555555555555555,0.05555555555555555,0.05555555555555555,1.0,18.0,0.05246913580246913,inf
2577,"frozenset({""Stag's Leap Wine Cellars 'S.L.V' Cabernet Sauvignon, Napa Valley, USA""})","frozenset({'Diamond Creek Volcanic Hill Cabernet Sauvignon, Napa Valley, USA', 'Darioush Signature Series Cabernet Sauvignon, Napa Valley, USA'})",0.05555555555555555,0.05555555555555555,0.05555555555555555,1.0,18.0,0.05246913580246913,inf
2578,"frozenset({'Diamond Creek Volcanic Hill Cabernet Sauvignon, Napa Valley, USA'})","frozenset({""Stag's Leap Wine Cellars 'S.L.V' Cabernet Sauvignon, Napa Valley, USA"", 'Darioush Signature Series Cabernet Sauvignon, Napa Valley, USA'})",0.05555555555555555,0.05555555555555555,0.05555555555555555,1.0,18.0,0.05246913580246913,inf
2725,"frozenset({""Stag's Leap Wine Cellars 'S.L.V' Cabernet Sauvignon, Napa Valley, USA"", 'Darioush Signature Series Cabernet Sauvignon, Napa Valley, USA'})","frozenset({'Philip Togni Vineyard Cabernet Sauvignon, Napa Valley, USA'})",0.05555555555555555,0.05555555555555555,0.05555555555555555,1.0,18.0,0.05246913580246913,inf
2726,"frozenset({'Philip Togni Vineyard Cabernet Sauvignon, Napa Valley, USA', 'Darioush Signature Series Cabernet Sauvignon, Napa Valley, USA'})","frozenset({""Stag's Leap Wine Cellars 'S.L.V' Cabernet Sauvignon, Napa Valley, USA""})",0.05555555555555555,0.05555555555555555,0.05555555555555555,1.0,18.0,0.05246913580246913,inf
2727,"frozenset({""Stag's Leap Wine Cellars 'S.L.V' Cabernet Sauvignon, Napa Valley, USA""})","frozenset({'Philip Togni Vineyard Cabernet Sauvignon, Napa Valley, USA', 'Darioush Signature Series Cabernet Sauvignon, Napa Valley, USA'})",0.05555555555555555,0.05555555555555555,0.05555555555555555,1.0,18.0,0.05246913580246913,inf
2728,"frozenset({'Philip Togni Vineyard Cabernet Sauvignon, Napa Valley, USA'})","frozenset({""Stag's Leap Wine Cellars 'S.L.V' Cabernet Sauvignon, Napa Valley, USA"", 'Darioush Signature Series Cabernet Sauvignon, Napa Valley, USA'})",0.05555555555555555,0.05555555555555555,0.05555555555555555,1.0,18.0,0.05246913580246913,inf
2761,"frozenset({'Franciscan Estate Cabernet Sauvignon, Napa Valley, USA', 'Diamond Creek Volcanic Hill Cabernet Sauvignon, Napa Valley, USA'})","frozenset({'Philip Togni Vineyard Cabernet Sauvignon, Napa Valley, USA'})",0.05555555555555555,0.05555555555555555,0.05555555555555555,1.0,18.0,0.05246913580246913,inf
2762,"frozenset({'Philip Togni Vineyard Cabernet Sauvignon, Napa Valley, USA', 'Franciscan Estate Cabernet Sauvignon, Napa Valley, USA'})","frozenset({'Diamond Creek Volcanic Hill Cabernet Sauvignon, Napa Valley, USA'})",0.05555555555555555,0.05555555555555555,0.05555555555555555,1.0,18.0,0.05246913580246913,inf
2763,"frozenset({'Diamond Creek Volcanic Hill Cabernet Sauvignon, Napa Valley, USA'})","frozenset({'Philip Togni Vineyard Cabernet Sauvignon, Napa Valley, USA', 'Franciscan Estate Cabernet Sauvignon, Napa Valley, USA'})",0.05555555555555555,0.05555555555555555,0.05555555555555555,1.0,18.0,0.05246913580246913,inf
2764,"frozenset({'Philip Togni Vineyard Cabernet Sauvignon, Napa Valley, USA'})","frozenset({'Franciscan Estate Cabernet Sauvignon, Napa Valley, USA', 'Diamond Creek Volcanic Hill Cabernet Sauvignon, Napa Valley, USA'})",0.05555555555555555,0.05555555555555555,0.05555555555555555,1.0,18.0,0.05246913580246913,inf
2767,"frozenset({'Franciscan Estate Cabernet Sauvignon, Napa Valley, USA', 'Diamond Creek Volcanic Hill Cabernet Sauvignon, Napa Valley, USA'})","frozenset({""Stag's Leap Wine Cellars 'S.L.V' Cabernet Sauvignon, Napa Valley, USA""})",0.05555555555555555,0.05555555555555555,0.05555555555555555,1.0,18.0,0.05246913580246913,inf
2768,"frozenset({""Stag's Leap Wine Cellars 'S.L.V' Cabernet Sauvignon, Napa Valley, USA"", 'Franciscan Estate Cabernet Sauvignon, Napa Valley, USA'})","frozenset({'Diamond Creek Volcanic Hill Cabernet Sauvignon, Napa Valley, USA'})",0.05555555555555555,0.05555555555555555,0.05555555555555555,1.0,18.0,0.05246913580246913,inf
2769,"frozenset({'Diamond Creek Volcanic Hill Cabernet Sauvignon, Napa Valley, USA'})","frozenset({""Stag's Leap Wine Cellars 'S.L.V' Cabernet Sauvignon, Napa Valley, USA"", 'Franciscan Estate Cabernet Sauvignon, Napa Valley, USA'})",0.05555555555555555,0.05555555555555555,0.05555555555555555,1.0,18.0,0.05246913580246913,inf
2770,"frozenset({""Stag's Leap Wine Cellars 'S.L.V' Cabernet Sauvignon, Napa Valley, USA""})","frozenset({'Franciscan Estate Cabernet Sauvignon, Napa Valley, USA', 'Diamond Creek Volcanic Hill Cabernet Sauvignon, Napa Valley, USA'})",0.05555555555555555,0.05555555555555555,0.05555555555555555,1.0,18.0,0.05246913580246913,inf
2790,"frozenset({'Freemark Abbey Napa Valley Cabernet Sauvignon, California, USA', 'Philip Togni Vineyard Cabernet Sauvignon, Napa Valley, USA'})","frozenset({'Diamond Creek Volcanic Hill Cabernet Sauvignon, Napa Valley, USA'})",0.05555555555555555,0.05555555555555555,0.05555555555555555,1.0,18.0,0.05246913580246913,inf
2791,"frozenset({'Freemark Abbey Napa Valley Cabernet Sauvignon, California, USA', 'Diamond Creek Volcanic Hill Cabernet Sauvignon, Napa Valley, USA'})","frozenset({'Philip Togni Vineyard Cabernet Sauvignon, Napa Valley, USA'})",0.05555555555555555,0.05555555555555555,0.05555555555555555,1.0,18.0,0.05246913580246913,inf
2794,"frozenset({'Philip Togni Vineyard Cabernet Sauvignon, Napa Valley, USA'})","frozenset({'Freemark Abbey Napa Valley Cabernet Sauvignon, California, USA', 'Diamond Creek Volcanic Hill Cabernet Sauvignon, Napa Valley, USA'})",0.05555555555555555,0.05555555555555555,0.05555555555555555,1.0,18.0,0.05246913580246913,inf
2795,"frozenset({'Diamond Creek Volcanic Hill Cabernet Sauvignon, Napa Valley, USA'})","frozenset({'Freemark Abbey Napa Valley Cabernet Sauvignon, California, USA', 'Philip Togni Vineyard Cabernet Sauvignon, Napa Valley, USA'})",0.05555555555555555,0.05555555555555555,0.05555555555555555,1.0,18.0,0.05246913580246913,inf
2796,"frozenset({'Freemark Abbey Napa Valley Cabernet Sauvignon, California, USA', ""Stag's Leap Wine Cellars 'S.L.V' Cabernet Sauvignon, Napa Valley, USA""})","frozenset({'Diamond Creek Volcanic Hill Cabernet Sauvignon, Napa Valley, USA'})",0.05555555555555555,0.05555555555555555,0.05555555555555555,1.0,18.0,0.05246913580246913,inf
2797,"frozenset({'Freemark Abbey Napa Valley Cabernet Sauvignon, California, USA', 'Diamond Creek Volcanic Hill Cabernet Sauvignon, Napa Valley, USA'})","frozenset({""Stag's Leap Wine Cellars 'S.L.V' Cabernet Sauvignon, Napa Valley, USA""})",0.05555555555555555,0.05555555555555555,0.05555555555555555,1.0,18.0,0.05246913580246913,inf
2800,"frozenset({""Stag's Leap Wine Cellars 'S.L.V' Cabernet Sauvignon, Napa Valley, USA""})","frozenset({'Freemark Abbey Napa Valley Cabernet Sauvignon, California, USA', 'Diamond Creek Volcanic Hill Cabernet Sauvignon, Napa Valley, USA'})",0.05555555555555555,0.05555555555555555,0.05555555555555555,1.0,18.0,0.05246913580246913,inf
2801,"frozenset({'Diamond Creek Volcanic Hill Cabernet Sauvignon, Napa Valley, USA'})","frozenset({'Freemark Abbey Napa Valley Cabernet Sauvignon, California, USA', ""Stag's Leap Wine Cellars 'S.L.V' Cabernet Sauvignon, Napa Valley, USA""})",0.05555555555555555,0.05555555555555555,0.05555555555555555,1.0,18.0,0.05246913580246913,inf
2814,"frozenset({""Hall Wines 'Kathryn Hall' Cabernet Sauvignon, Napa Valley, USA"", 'Diamond Creek Volcanic Hill Cabernet Sauvignon, Napa Valley, USA'})","frozenset({'Philip Togni Vineyard Cabernet Sauvignon, Napa Valley, USA'})",0.05555555555555555,0.05555555555555555,0.05555555555555555,1.0,18.0,0.05246913580246913,inf
2816,"frozenset({""Hall Wines 'Kathryn Hall' Cabernet Sauvignon, Napa Valley, USA"", 'Philip Togni Vineyard Cabernet Sauvignon, Napa Valley, USA'})","frozenset({'Diamond Creek Volcanic Hill Cabernet Sauvignon, Napa Valley, USA'})",0.05555555555555555,0.05555555555555555,0.05555555555555555,1.0,18.0,0.05246913580246913,inf
2817,"frozenset({'Diamond Creek Volcanic Hill Cabernet Sauvignon, Napa Valley, USA'})","frozenset({""Hall Wines 'Kathryn Hall' Cabernet Sauvignon, Napa Valley, USA"", 'Philip Togni Vineyard Cabernet Sauvignon, Napa Valley, USA'})",0.05555555555555555,0.05555555555555555,0.05555555555555555,1.0,18.0,0.05246913580246913,inf
2819,"frozenset({'Philip Togni Vineyard Cabernet Sauvignon, Napa Valley, USA'})","frozenset({""Hall Wines 'Kathryn Hall' Cabernet Sauvignon, Napa Valley, USA"", 'Diamond Creek Volcanic Hill Cabernet Sauvignon, Napa Valley, USA'})",0.05555555555555555,0.05555555555555555,0.05555555555555555,1.0,18.0,0.05246913580246913,inf
2820,"frozenset({""Stag's Leap Wine Cellars 'S.L.V' Cabernet Sauvignon, Napa Valley, USA"", ""Hall Wines 'Kathryn Hall' Cabernet Sauvignon, Napa Valley, USA""})","frozenset({'Diamond Creek Volcanic Hill Cabernet Sauvignon, Napa Valley, USA'})",0.05555555555555555,0.05555555555555555,0.05555555555555555,1.0,18.0,0.05246913580246913,inf
2822,"frozenset({""Hall Wines 'Kathryn Hall' Cabernet Sauvignon, Napa Valley, USA"", 'Diamond Creek Volcanic Hill Cabernet Sauvignon, Napa Valley, USA'})","frozenset({""Stag's Leap Wine Cellars 'S.L.V' Cabernet Sauvignon, Napa Valley, USA""})",0.05555555555555555,0.05555555555555555,0.05555555555555555,1.0,18.0,0.05246913580246913,inf
2823,"frozenset({""Stag's Leap Wine Cellars 'S.L.V' Cabernet Sauvignon, Napa Valley, USA""})","frozenset({""Hall Wines 'Kathryn Hall' Cabernet Sauvignon, Napa Valley, USA"", 'Diamond Creek Volcanic Hill Cabernet Sauvignon, Napa Valley, USA'})",0.05555555555555555,0.05555555555555555,0.05555555555555555,1.0,18.0,0.05246913580246913,inf
2825,"frozenset({'Diamond Creek Volcanic Hill Cabernet Sauvignon, Napa Valley, USA'})","frozenset({""Stag's Leap Wine Cellars 'S.L.V' Cabernet Sauvignon, Napa Valley, USA"", ""Hall Wines 'Kathryn Hall' Cabernet Sauvignon, Napa Valley, USA""})",0.05555555555555555,0.05555555555555555,0.05555555555555555,1.0,18.0,0.05246913580246913,inf
2832,"frozenset({'Paul Hobbs Cabernet Sauvignon, Napa Valley, USA', 'Diamond Creek Volcanic Hill Cabernet Sauvignon, Napa Valley, USA'})","frozenset({'Philip Togni Vineyard Cabernet Sauvignon, Napa Valley, USA'})",0.05555555555555555,0.05555555555555555,0.05555555555555555,1.0,18.0,0.05246913580246913,inf
2834,"frozenset({'Paul Hobbs Cabernet Sauvignon, Napa Valley, USA', 'Philip Togni Vineyard Cabernet Sauvignon, Napa Valley, USA'})","frozenset({'Diamond Creek Volcanic Hill Cabernet Sauvignon, Napa Valley, USA'})",0.05555555555555555,0.05555555555555555,0.05555555555555555,1.0,18.0,0.05246913580246913,inf
2835,"frozenset({'Diamond Creek Volcanic Hill Cabernet Sauvignon, Napa Valley, USA'})","frozenset({'Paul Hobbs Cabernet Sauvignon, Napa Valley, USA', 'Philip Togni Vineyard Cabernet Sauvignon, Napa Valley, USA'})",0.05555555555555555,0.05555555555555555,0.05555555555555555,1.0,18.0,0.05246913580246913,inf
2837,"frozenset({'Philip Togni Vineyard Cabernet Sauvignon, Napa Valley, USA'})","frozenset({'Paul Hobbs Cabernet Sauvignon, Napa Valley, USA', 'Diamond Creek Volcanic Hill Cabernet Sauvignon, Napa Valley, USA'})",0.05555555555555555,0.05555555555555555,0.05555555555555555,1.0,18.0,0.05246913580246913,inf
2838,"frozenset({""Stag's Leap Wine Cellars 'S.L.V' Cabernet Sauvignon, Napa Valley, USA"", 'Paul Hobbs Cabernet Sauvignon, Napa Valley, USA'})","frozenset({'Diamond Creek Volcanic Hill Cabernet Sauvignon, Napa Valley, USA'})",0.05555555555555555,0.05555555555555555,0.05555555555555555,1.0,18.0,0.05246913580246913,inf
2840,"frozenset({'Paul Hobbs Cabernet Sauvignon, Napa Valley, USA', 'Diamond Creek Volcanic Hill Cabernet Sauvignon, Napa Valley, USA'})","frozenset({""Stag's Leap Wine Cellars 'S.L.V' Cabernet Sauvignon, Napa Valley, USA""})",0.05555555555555555,0.05555555555555555,0.05555555555555555,1.0,18.0,0.05246913580246913,inf
2841,"frozenset({""Stag's Leap Wine Cellars 'S.L.V' Cabernet Sauvignon, Napa Valley, USA""})","frozenset({'Paul Hobbs Cabernet Sauvignon, Napa Valley, USA', 'Diamond Creek Volcanic Hill Cabernet Sauvignon, Napa Valley, USA'})",0.05555555555555555,0.05555555555555555,0.05555555555555555,1.0,18.0,0.05246913580246913,inf
2843,"frozenset({'Diamond Creek Volcanic Hill Cabernet Sauvignon, Napa Valley, USA'})","frozenset({""Stag's Leap Wine Cellars 'S.L.V' Cabernet Sauvignon, Napa Valley, USA"", 'Paul Hobbs Cabernet Sauvignon, Napa Valley, USA'})",0.05555555555555555,0.05555555555555555,0.05555555555555555,1.0,18.0,0.05246913580246913,inf
2850,"frozenset({""Stag's Leap Wine Cellars 'S.L.V' Cabernet Sauvignon, Napa Valley, USA"", 'Philip Togni Vineyard Cabernet Sauvignon, Napa Valley, USA'})","frozenset({'Diamond Creek Volcanic Hill Cabernet Sauvignon, Napa Valley, USA'})",0.05555555555555555,0.05555555555555555,0.05555555555555555,1.0,18.0,0.05246913580246913,inf
2851,"frozenset({""Stag's Leap Wine Cellars 'S.L.V' Cabernet Sauvignon, Napa Valley, USA"", 'Diamond Creek Volcanic Hill Cabernet Sauvignon, Napa Valley, USA'})","frozenset({'Philip Togni Vineyard Cabernet Sauvignon, Napa Valley, USA'})",0.05555555555555555,0.05555555555555555,0.05555555555555555,1.0,18.0,0.05246913580246913,inf
2852,"frozenset({'Philip Togni Vineyard Cabernet Sauvignon, Napa Valley, USA', 'Diamond Creek Volcanic Hill Cabernet Sauvignon, Napa Valley, USA'})","frozenset({""Stag's Leap Wine Cellars 'S.L.V' Cabernet Sauvignon, Napa Valley, USA""})",0.05555555555555555,0.05555555555555555,0.05555555555555555,1.0,18.0,0.05246913580246913,inf
2853,"frozenset({""Stag's Leap Wine Cellars 'S.L.V' Cabernet Sauvignon, Napa Valley, USA""})","frozenset({'Philip Togni Vineyard Cabernet Sauvignon, Napa Valley, USA', 'Diamond Creek Volcanic Hill Cabernet Sauvignon, Napa Valley, USA'})",0.05555555555555555,0.05555555555555555,0.05555555555555555,1.0,18.0,0.05246913580246913,inf
2854,"frozenset({'Philip Togni Vineyard Cabernet Sauvignon, Napa Valley, USA'})","frozenset({""Stag's Leap Wine Cellars 'S.L.V' Cabernet Sauvignon, Napa Valley, USA"", 'Diamond Creek Volcanic Hill Cabernet Sauvignon, Napa Valley, USA'})",0.05555555555555555,0.05555555555555555,0.05555555555555555,1.0,18.0,0.05246913580246913,inf
2855,"frozenset({'Diamond Creek Volcanic Hill Cabernet Sauvignon, Napa Valley, USA'})","frozenset({""Stag's Leap Wine Cellars 'S.L.V' Cabernet Sauvignon, Napa Valley, USA"", 'Philip Togni Vineyard Cabernet Sauvignon, Napa Valley, USA'})",0.05555555555555555,0.05555555555555555,0.05555555555555555,1.0,18.0,0.05246913580246913,inf
2857,"frozenset({'Philip Togni Vineyard Cabernet Sauvignon, Napa Valley, USA', 'Sterling Vineyards Cabernet Sauvignon, Napa Valley, USA'})","frozenset({'Diamond Creek Volcanic Hill Cabernet Sauvignon, Napa Valley, USA'})",0.05555555555555555,0.05555555555555555,0.05555555555555555,1.0,18.0,0.05246913580246913,inf
2858,"frozenset({'Diamond Creek Volcanic Hill Cabernet Sauvignon, Napa Valley, USA', 'Sterling Vineyards Cabernet Sauvignon, Napa Valley, USA'})","frozenset({'Philip Togni Vineyard Cabernet Sauvignon, Napa Valley, USA'})",0.05555555555555555,0.05555555555555555,0.05555555555555555,1.0,18.0,0.05246913580246913,inf
2859,"frozenset({'Philip Togni Vineyard Cabernet Sauvignon, Napa Valley, USA'})","frozenset({'Diamond Creek Volcanic Hill Cabernet Sauvignon, Napa Valley, USA', 'Sterling Vineyards Cabernet Sauvignon, Napa Valley, USA'})",0.05555555555555555,0.05555555555555555,0.05555555555555555,1.0,18.0,0.05246913580246913,inf
2860,"frozenset({'Diamond Creek Volcanic Hill Cabernet Sauvignon, Napa Valley, USA'})","frozenset({'Philip Togni Vineyard Cabernet Sauvignon, Napa Valley, USA', 'Sterling Vineyards Cabernet Sauvignon, Napa Valley, USA'})",0.05555555555555555,0.05555555555555555,0.05555555555555555,1.0,18.0,0.05246913580246913,inf
2863,"frozenset({""Stag's Leap Wine Cellars 'S.L.V' Cabernet Sauvignon, Napa Valley, USA"", 'Sterling Vineyards Cabernet Sauvignon, Napa Valley, USA'})","frozenset({'Diamond Creek Volcanic Hill Cabernet Sauvignon, Napa Valley, USA'})",0.05555555555555555,0.05555555555555555,0.05555555555555555,1.0,18.0,0.05246913580246913,inf
2864,"frozenset({'Diamond Creek Volcanic Hill Cabernet Sauvignon, Napa Valley, USA', 'Sterling Vineyards Cabernet Sauvignon, Napa Valley, USA'})","frozenset({""Stag's Leap Wine Cellars 'S.L.V' Cabernet Sauvignon, Napa Valley, USA""})",0.05555555555555555,0.05555555555555555,0.05555555555555555,1.0,18.0,0.05246913580246913,inf
2865,"frozenset({""Stag's Leap Wine Cellars 'S.L.V' Cabernet Sauvignon, Napa Valley, USA""})","frozenset({'Diamond Creek Volcanic Hill Cabernet Sauvignon, Napa Valley, USA', 'Sterling Vineyards Cabernet Sauvignon, Napa Valley, USA'})",0.05555555555555555,0.05555555555555555,0.05555555555555555,1.0,18.0,0.05246913580246913,inf
2866,"frozenset({'Diamond Creek Volcanic Hill Cabernet Sauvignon, Napa Valley, USA'})","frozenset({""Stag's Leap Wine Cellars 'S.L.V' Cabernet Sauvignon, Napa Valley, USA"", 'Sterling Vineyards Cabernet Sauvignon, Napa Valley, USA'})",0.05555555555555555,0.05555555555555555,0.05555555555555555,1.0,18.0,0.05246913580246913,inf
2965,"frozenset({""Stag's Leap Wine Cellars 'S.L.V' Cabernet Sauvignon, Napa Valley, USA"", 'Franciscan Estate Cabernet Sauvignon, Napa Valley, USA'})","frozenset({'Philip Togni Vineyard Cabernet Sauvignon, Napa Valley, USA'})",0.05555555555555555,0.05555555555555555,0.05555555555555555,1.0,18.0,0.05246913580246913,inf
2966,"frozenset({'Philip Togni Vineyard Cabernet Sauvignon, Napa Valley, USA', 'Franciscan Estate Cabernet Sauvignon, Napa Valley, USA'})","frozenset({""Stag's Leap Wine Cellars 'S.L.V' Cabernet Sauvignon, Napa Valley, USA""})",0.05555555555555555,0.05555555555555555,0.05555555555555555,1.0,18.0,0.05246913580246913,inf
2967,"frozenset({""Stag's Leap Wine Cellars 'S.L.V' Cabernet Sauvignon, Napa Valley, USA""})","frozenset({'Philip Togni Vineyard Cabernet Sauvignon, Napa Valley, USA', 'Franciscan Estate Cabernet Sauvignon, Napa Valley, USA'})",0.05555555555555555,0.05555555555555555,0.05555555555555555,1.0,18.0,0.05246913580246913,inf
2968,"frozenset({'Philip Togni Vineyard Cabernet Sauvignon, Napa Valley, USA'})","frozenset({""Stag's Leap Wine Cellars 'S.L.V' Cabernet Sauvignon, Napa Valley, USA"", 'Franciscan Estate Cabernet Sauvignon, Napa Valley, USA'})",0.05555555555555555,0.05555555555555555,0.05555555555555555,1.0,18.0,0.05246913580246913,inf
3060,"frozenset({'Freemark Abbey Napa Valley Cabernet Sauvignon, California, USA', ""Stag's Leap Wine Cellars 'S.L.V' Cabernet Sauvignon, Napa Valley, USA""})","frozenset({'Philip Togni Vineyard Cabernet Sauvignon, Napa Valley, USA'})",0.05555555555555555,0.05555555555555555,0.05555555555555555,1.0,18.0,0.05246913580246913,inf
3061,"frozenset({'Freemark Abbey Napa Valley Cabernet Sauvignon, California, USA', 'Philip Togni Vineyard Cabernet Sauvignon, Napa Valley, USA'})","frozenset({""Stag's Leap Wine Cellars 'S.L.V' Cabernet Sauvignon, Napa Valley, USA""})",0.05555555555555555,0.05555555555555555,0.05555555555555555,1.0,18.0,0.05246913580246913,inf
3064,"frozenset({""Stag's Leap Wine Cellars 'S.L.V' Cabernet Sauvignon, Napa Valley, USA""})","frozenset({'Freemark Abbey Napa Valley Cabernet Sauvignon, California, USA', 'Philip Togni Vineyard Cabernet Sauvignon, Napa Valley, USA'})",0.05555555555555555,0.05555555555555555,0.05555555555555555,1.0,18.0,0.05246913580246913,inf
3065,"frozenset({'Philip Togni Vineyard Cabernet Sauvignon, Napa Valley, USA'})","frozenset({'Freemark Abbey Napa Valley Cabernet Sauvignon, California, USA', ""Stag's Leap Wine Cellars 'S.L.V' Cabernet Sauvignon, Napa Valley, USA""})",0.05555555555555555,0.05555555555555555,0.05555555555555555,1.0,18.0,0.05246913580246913,inf
3096,"frozenset({""Stag's Leap Wine Cellars 'S.L.V' Cabernet Sauvignon, Napa Valley, USA"", ""Hall Wines 'Kathryn Hall' Cabernet Sauvignon, Napa Valley, USA""})","frozenset({'Philip Togni Vineyard Cabernet Sauvignon, Napa Valley, USA'})",0.05555555555555555,0.05555555555555555,0.05555555555555555,1.0,18.0,0.05246913580246913,inf
3098,"frozenset({""Hall Wines 'Kathryn Hall' Cabernet Sauvignon, Napa Valley, USA"", 'Philip Togni Vineyard Cabernet Sauvignon, Napa Valley, USA'})","frozenset({""Stag's Leap Wine Cellars 'S.L.V' Cabernet Sauvignon, Napa Valley, USA""})",0.05555555555555555,0.05555555555555555,0.05555555555555555,1.0,18.0,0.05246913580246913,inf
3099,"frozenset({""Stag's Leap Wine Cellars 'S.L.V' Cabernet Sauvignon, Napa Valley, USA""})","frozenset({""Hall Wines 'Kathryn Hall' Cabernet Sauvignon, Napa Valley, USA"", 'Philip Togni Vineyard Cabernet Sauvignon, Napa Valley, USA'})",0.05555555555555555,0.05555555555555555,0.05555555555555555,1.0,18.0,0.05246913580246913,inf
3101,"frozenset({'Philip Togni Vineyard Cabernet Sauvignon, Napa Valley, USA'})","frozenset({""Stag's Leap Wine Cellars 'S.L.V' Cabernet Sauvignon, Napa Valley, USA"", ""Hall Wines 'Kathryn Hall' Cabernet Sauvignon, Napa Valley, USA""})",0.05555555555555555,0.05555555555555555,0.05555555555555555,1.0,18.0,0.05246913580246913,inf
3114,"frozenset({""Stag's Leap Wine Cellars 'S.L.V' Cabernet Sauvignon, Napa Valley, USA"", 'Paul Hobbs Cabernet Sauvignon, Napa Valley, USA'})","frozenset({'Philip Togni Vineyard Cabernet Sauvignon, Napa Valley, USA'})",0.05555555555555555,0.05555555555555555,0.05555555555555555,1.0,18.0,0.05246913580246913,inf
3116,"frozenset({'Paul Hobbs Cabernet Sauvignon, Napa Valley, USA', 'Philip Togni Vineyard Cabernet Sauvignon, Napa Valley, USA'})","frozenset({""Stag's Leap Wine Cellars 'S.L.V' Cabernet Sauvignon, Napa Valley, USA""})",0.05555555555555555,0.05555555555555555,0.05555555555555555,1.0,18.0,0.05246913580246913,inf
3117,"frozenset({""Stag's Leap Wine Cellars 'S.L.V' Cabernet Sauvignon, Napa Valley, USA""})","frozenset({'Paul Hobbs Cabernet Sauvignon, Napa Valley, USA', 'Philip Togni Vineyard Cabernet Sauvignon, Napa Valley, USA'})",0.05555555555555555,0.05555555555555555,0.05555555555555555,1.0,18.0,0.05246913580246913,inf
3119,"frozenset({'Philip Togni Vineyard Cabernet Sauvignon, Napa Valley, USA'})","frozenset({""Stag's Leap Wine Cellars 'S.L.V' Cabernet Sauvignon, Napa Valley, USA"", 'Paul Hobbs Cabernet Sauvignon, Napa Valley, USA'})",0.05555555555555555,0.05555555555555555,0.05555555555555555,1.0,18.0,0.05246913580246913,inf
3133,"frozenset({""Stag's Leap Wine Cellars 'S.L.V' Cabernet Sauvignon, Napa Valley, USA"", 'Sterling Vineyards Cabernet Sauvignon, Napa Valley, USA'})","frozenset({'Philip Togni Vineyard Cabernet Sauvignon, Napa Valley, USA'})",0.05555555555555555,0.05555555555555555,0.05555555555555555,1.0,18.0,0.05246913580246913,inf
3134,"frozenset({'Philip Togni Vineyard Cabernet Sauvignon, Napa Valley, USA', 'Sterling Vineyards Cabernet Sauvignon, Napa Valley, USA'})","frozenset({""Stag's Leap Wine Cellars 'S.L.V' Cabernet Sauvignon, Napa Valley, USA""})",0.05555555555555555,0.05555555555555555,0.05555555555555555,1.0,18.0,0.05246913580246913,inf
3135,"frozenset({""Stag's Leap Wine Cellars 'S.L.V' Cabernet Sauvignon, Napa Valley, USA""})","frozenset({'Philip Togni Vineyard Cabernet Sauvignon, Napa Valley, USA', 'Sterling Vineyards Cabernet Sauvignon, Napa Valley, USA'})",0.05555555555555555,0.05555555555555555,0.05555555555555555,1.0,18.0,0.05246913580246913,inf
3136,"frozenset({'Philip Togni Vineyard Cabernet Sauvignon, Napa Valley, USA'})","frozenset({""Stag's Leap Wine Cellars 'S.L.V' Cabernet Sauvignon, Napa Valley, USA"", 'Sterling Vineyards Cabernet Sauvignon, Napa Valley, USA'})",0.05555555555555555,0.05555555555555555,0.05555555555555555,1.0,18.0,0.05246913580246913,inf
3209,"frozenset({'Abreu Vineyard Madrona Ranch Cabernet Sauvignon, Napa Valley, USA', ""Anderson's Conn Valley Vineyards 'Estate Reserve' Cabernet Sauvignon, Napa Valley, USA"", 'Beaulieu Vineyard BV Napa Valley Cabernet Sauvignon, USA'})","frozenset({'Frank Family Vineyards Cabernet Sauvignon, Napa Valley, USA'})",0.05555555555555555,0.05555555555555555,0.05555555555555555,1.0,18.0,0.05246913580246913,inf
3211,"frozenset({""Anderson's Conn Valley Vineyards 'Estate Reserve' Cabernet Sauvignon, Napa Valley, USA"", 'Beaulieu Vineyard BV Napa Valley Cabernet Sauvignon, USA', 'Frank Family Vineyards Cabernet Sauvignon, Napa Valley, USA'})","frozenset({'Abreu Vineyard Madrona Ranch Cabernet Sauvignon, Napa Valley, USA'})",0.05555555555555555,0.05555555555555555,0.05555555555555555,1.0,18.0,0.05246913580246913,inf
3212,"frozenset({'Abreu Vineyard Madrona Ranch Cabernet Sauvignon, Napa Valley, USA', ""Anderson's Conn Valley Vineyards 'Estate Reserve' Cabernet Sauvignon, Napa Valley, USA""})","frozenset({'Beaulieu Vineyard BV Napa Valley Cabernet Sauvignon, USA', 'Frank Family Vineyards Cabernet Sauvignon, Napa Valley, USA'})",0.05555555555555555,0.05555555555555555,0.05555555555555555,1.0,18.0,0.05246913580246913,inf
3214,"frozenset({'Abreu Vineyard Madrona Ranch Cabernet Sauvignon, Napa Valley, USA', 'Beaulieu Vineyard BV Napa Valley Cabernet Sauvignon, USA'})","frozenset({""Anderson's Conn Valley Vineyards 'Estate Reserve' Cabernet Sauvignon, Napa Valley, USA"", 'Frank Family Vineyards Cabernet Sauvignon, Napa Valley, USA'})",0.05555555555555555,0.05555555555555555,0.05555555555555555,1.0,18.0,0.05246913580246913,inf
3215,"frozenset({""Anderson's Conn Valley Vineyards 'Estate Reserve' Cabernet Sauvignon, Napa Valley, USA"", 'Frank Family Vineyards Cabernet Sauvignon, Napa Valley, USA'})","frozenset({'Abreu Vineyard Madrona Ranch Cabernet Sauvignon, Napa Valley, USA', 'Beaulieu Vineyard BV Napa Valley Cabernet Sauvignon, USA'})",0.05555555555555555,0.05555555555555555,0.05555555555555555,1.0,18.0,0.05246913580246913,inf
3217,"frozenset({'Beaulieu Vineyard BV Napa Valley Cabernet Sauvignon, USA', 'Frank Family Vineyards Cabernet Sauvignon, Napa Valley, USA'})","frozenset({'Abreu Vineyard Madrona Ranch Cabernet Sauvignon, Napa Valley, USA', ""Anderson's Conn Valley Vineyards 'Estate Reserve' Cabernet Sauvignon, Napa Valley, USA""})",0.05555555555555555,0.05555555555555555,0.05555555555555555,1.0,18.0,0.05246913580246913,inf
3218,"frozenset({'Abreu Vineyard Madrona Ranch Cabernet Sauvignon, Napa Valley, USA'})","frozenset({""Anderson's Conn Valley Vineyards 'Estate Reserve' Cabernet Sauvignon, Napa Valley, USA"", 'Beaulieu Vineyard BV Napa Valley Cabernet Sauvignon, USA', 'Frank Family Vineyards Cabernet Sauvignon, Napa Valley, USA'})",0.05555555555555555,0.05555555555555555,0.05555555555555555,1.0,18.0,0.05246913580246913,inf
3220,"frozenset({'Frank Family Vineyards Cabernet Sauvignon, Napa Valley, USA'})","frozenset({'Abreu Vineyard Madrona Ranch Cabernet Sauvignon, Napa Valley, USA', ""Anderson's Conn Valley Vineyards 'Estate Reserve' Cabernet Sauvignon, Napa Valley, USA"", 'Beaulieu Vineyard BV Napa Valley Cabernet Sauvignon, USA'})",0.05555555555555555,0.05555555555555555,0.05555555555555555,1.0,18.0,0.05246913580246913,inf
3335,"frozenset({'Abreu Vineyard Madrona Ranch Cabernet Sauvignon, Napa Valley, USA', ""Anderson's Conn Valley Vineyards 'Estate Reserve' Cabernet Sauvignon, Napa Valley, USA"", 'Chappellet Pritchard Hill Cabernet Sauvignon, Napa Valley, USA'})","frozenset({'Frank Family Vineyards Cabernet Sauvignon, Napa Valley, USA'})",0.05555555555555555,0.05555555555555555,0.05555555555555555,1.0,18.0,0.05246913580246913,inf
3337,"frozenset({""Anderson's Conn Valley Vineyards 'Estate Reserve' Cabernet Sauvignon, Napa Valley, USA"", 'Chappellet Pritchard Hill Cabernet Sauvignon, Napa Valley, USA', 'Frank Family Vineyards Cabernet Sauvignon, Napa Valley, USA'})","frozenset({'Abreu Vineyard Madrona Ranch Cabernet Sauvignon, Napa Valley, USA'})",0.05555555555555555,0.05555555555555555,0.05555555555555555,1.0,18.0,0.05246913580246913,inf
